Scientific Name,Compatibility Tag
Xiphophorus maculatus,Peaceful Fish
Xiphophorus maculatus,Medium-Sized Fish
Xiphophorus maculatus,Small Fish
Xiphophorus maculatus,Long-Finned Fish
Xiphophorus helleri,Medium-Sized Fish
Xiphophorus helleri,Peaceful Fish
Poecilia sphenops,Active Fish
Poecilia sphenops,Medium-Sized Fish
Poecilia reticulata,Small Fish
Poecilia reticulata,Peaceful Fish
Poecilia reticulata,Long-Finned Fish
Poecilia reticulata,Very Small Fish
Poecilia wingei,Small Fish
Poecilia wingei,Peaceful Fish
Poecilia wingei,Long-Finned Fish
Poecilia wingei,Very Small Fish
Poecilia latipinna,Medium-Sized Fish
Poecilia latipinna,Long-Finned Fish
Poecilia latipinna,Peaceful Fish
Poecilia velifera,Medium-Sized Fish
Poecilia velifera,Long-Finned Fish
Poecilia velifera,Peaceful Fish
Xiphophorus pygmaeus,Small Fish
Xiphophorus pygmaeus,Long-Finned Fish
Xiphophorus pygmaeus,Peaceful Fish
Xiphophorus variatus,Small Fish
Xiphophorus variatus,Peaceful Fish
Xiphophorus variatus,Long-Finned Fish
Skiffia multipunctata,Peaceful Fish
Skiffia multipunctata,Small Fish
Dermogenys pusilla,Small Fish
Dermogenys pusilla,Peaceful Fish
Dermogenys pusilla,Long-Finned Fish
Xenotoca eiseni,Same Species Only
Poecilia salvatoris,Same Species Only
Neoheterandria elegans,Same Species Only
Girardinus falcatus,Peaceful Fish
Girardinus falcatus,Small Fish
Alfaro cultratus,Same Species Only
Alfaro cultratus,Medium-Sized Fish
Ameca splendens,Medium-Sized Fish
Ameca splendens,Active Fish
Chapalichthys pardalis,Medium-Sized Fish
Chapalichthys pardalis,Active Fish
Chapalichthys pardalis,Peaceful Fish
Limia perugiae,Small Fish
Limia perugiae,Peaceful Fish
Limia perugiae,Long-Finned Fish
Mikrogeophagus ramirezi,Small Fish
Mikrogeophagus ramirezi,Peaceful Fish
Apistogramma abacaxis,Small Fish
Apistogramma abacaxis,Peaceful Fish
Dicrossus maculatus,Small Fish
Dicrossus maculatus,Peaceful Fish
Dicrossus filamentosus,Small Fish
Dicrossus filamentosus,Peaceful Fish
Apistogramma hoignei,Small Fish
Apistogramma hoignei,Same Species Only
Apistogramma diplotaenia,Small Fish
Apistogramma diplotaenia,Peaceful Fish
Apistogramma caetei,Small Fish
Apistogramma caetei,Peaceful Fish
Apistogramma agassizi,Small Fish
Apistogramma agassizi,Peaceful Fish
Taeniacara candidi,Small Fish
Taeniacara candidi,Peaceful Fish
Apistogramma eremnopyge,Small Fish
Apistogramma eremnopyge,Same Species Only
Nannacara,Small Fish
Nannacara,Peaceful Fish
Apistogramma staecki,Peaceful Fish
Apistogramma,Peaceful Fish
Apistogramma,Small Fish
Apistogramma norberti,Small Fish
Apistogramma norberti,Peaceful Fish
Apistogramma juriensis,Peaceful Fish
Apistogramma juriensis,Small Fish
Apistogramma cruzi,Small Fish
Apistogramma cruzi,Peaceful Fish
Apistogramma cacatuoides,Small Fish
Apistogramma cacatuoides,Peaceful Fish
Apistogramma baenschi,Small Fish
Apistogramma baenschi,Peaceful Fish
Apistogramma bitaeniata,Small Fish
Apistogramma bitaeniata,Peaceful Fish
Acarichthys heckeli,Long-Finned Fish
Acarichthys heckeli,Peaceful Fish
Acarichthys heckeli,Medium-Sized Fish
Mikrogeophagus altispinosus,Peaceful Fish
Mikrogeophagus altispinosus,Small Fish
Nannacara anomala,Small Fish
Nannacara anomala,Peaceful Fish
Apistogramma tucurui,Peaceful Fish
Apistogramma nijsseni,Peaceful Fish
Apistogramma macmasteri,Peaceful Fish
Apistogramma borelli,Small Fish
Apistogramma borelli,Peaceful Fish
Andinoacara pulcher,Peaceful Fish
Andinoacara pulcher,Medium-Sized Fish
Apistogramma hongsloi,Small Fish
Apistogramma hongsloi,Peaceful Fish
Apistogramma hongsloi,Long-Finned Fish
Apistogramma elizabethae,Peaceful Fish
Apistogramma elizabethae,Same Species Only
Apistogramma trifasciatum,Small Fish
Apistogramma trifasciatum,Peaceful Fish
Apistogramma pandourini,Small Fish
Apistogramma pandourini,Peaceful Fish
Apistogramma commbrae,Small Fish
Apistogramma commbrae,Peaceful Fish
Otocinclus affinis,Small Fish
Otocinclus affinis,Peaceful Fish
Otocinclus affinis,Long-Finned Fish
Otocinclus affinis,Very Small Fish
Boraras brigittae,Small Fish
Boraras brigittae,Peaceful Fish
Boraras brigittae,Long-Finned Fish
Boraras brigittae,Very Small Fish
Barbus conchonius,Small Fish
Barbus conchonius,Peaceful Fish
Barbus conchonius,Medium-Sized Fish
Crosochoilus siamensis,Small Fish
Crosochoilus siamensis,Peaceful Fish
Crosochoilus siamensis,Medium-Sized Fish
Barbus tetrazona,Robust Fish
Barbus tetrazona,Active Fish
Barbus tetrazona,Medium-Sized Fish
Trigonostigma espei,Small Fish
Trigonostigma espei,Peaceful Fish
Trigonostigma espei,Long-Finned Fish
Trigonopoma pauciperforatum,Small Fish
Trigonopoma pauciperforatum,Peaceful Fish
Trigonopoma pauciperforatum,Long-Finned Fish
Oreichthys cosuatis,Small Fish
Oreichthys cosuatis,Peaceful Fish
Devario sondhii,Small Fish
Devario sondhii,Peaceful Fish
Barbodes semifasciolatus,Small Fish
Barbodes semifasciolatus,Peaceful Fish
Barbus titteya,Small Fish
Barbus titteya,Peaceful Fish
Barbus titteya,Long-Finned Fish
Paracanthocobitis botia,Small Fish
Paracanthocobitis botia,Peaceful Fish
Tanichthys albonubes,Small Fish
Tanichthys albonubes,Peaceful Fish
Tanichthys albonubes,Very Small Fish
Rasbora trilineata,Small Fish
Rasbora trilineata,Peaceful Fish
Rasbora trilineata,Long-Finned Fish
Rasbora kalochroma,Small Fish
Rasbora kalochroma,Peaceful Fish
Rasbora kalochroma,Long-Finned Fish
Rasbora heteromorpha,Small Fish
Rasbora heteromorpha,Peaceful Fish
Rasbora dorsiocellata,Small Fish
Rasbora dorsiocellata,Peaceful Fish
Rasbora dorsiocellata,Very Small Fish
Rasbora borapetensis,Small Fish
Rasbora borapetensis,Peaceful Fish
Rasbora borapetensis,Long-Finned Fish
Danio malabaricus,Medium-Sized Fish
Danio malabaricus,Medium-Large Fish
Danio malabaricus,Robust Fish
Danio malabaricus,Active Fish
Danio devario,Medium-Sized Fish
Danio devario,Robust Fish
Danio devario,Active Fish
Puntius rohani,Medium-Sized Fish
Puntius rohani,Small Fish
Puntius rohani,Active Fish
Puntius rhomboocellatus,Small Fish
Puntius rhomboocellatus,Medium-Sized Fish
Eirmotus octozona,Small Fish
Eirmotus octozona,Peaceful Fish
Puntius conchonius,Small Fish
Puntius conchonius,Peaceful Fish
Barbus mahecola,Small Fish
Barbus mahecola,Peaceful Fish
Barbus mahecola,Long-Finned Fish
Barbus fasciolatus,Small Fish
Barbus fasciolatus,Peaceful Fish
Puntius denisonii,Peaceful Fish
Puntius denisonii,Medium-Sized Fish
Puntius conchonius,Small Fish
Puntius conchonius,Peaceful Fish
Puntius nigrofasciatus,Small Fish
Puntius nigrofasciatus,Peaceful Fish
Puntius nigrofasciatus,Medium-Sized Fish
Brachydanio frankei,Small Fish
Brachydanio frankei,Peaceful Fish
Pethia padamya,Small Fish
Pethia padamya,Peaceful Fish
Trigonostigma hengeli,Small Fish
Trigonostigma hengeli,Peaceful Fish
Trigonostigma hengeli,Long-Finned Fish
Brachydanio albolineatus,Small Fish
Brachydanio albolineatus,Peaceful Fish
Brachydanio albolineatus,Long-Finned Fish
Brachydanio albolineatus,Medium-Sized Fish
Boraras urophthalmoides,Small Fish
Boraras urophthalmoides,Peaceful Fish
Boraras urophthalmoides,Very Small Fish
Danio margaritatus,Small Fish
Danio margaritatus,Peaceful Fish
Danio margaritatus,Very Small Fish
Tanichthys micagemmae,Small Fish
Tanichthys micagemmae,Peaceful Fish
Barbus pentazona,Small Fish
Barbus pentazona,Peaceful Fish
Celestichthys erythromicron,Small Fish
Celestichthys erythromicron,Peaceful Fish
Celestichthys erythromicron,Very Small Fish
Brachydanio rerio,Small Fish
Brachydanio rerio,Peaceful Fish
Boraras merah,Small Fish
Boraras merah,Peaceful Fish
Boraras merah,Very Small Fish
Boraras maculatus,Small Fish
Boraras maculatus,Peaceful Fish
Boraras maculatus,Long-Finned Fish
Boraras maculatus,Very Small Fish
Neomacheilus corica,Small Fish
Neomacheilus corica,Peaceful Fish
Barbus everetti,Peaceful Fish
Barbus everetti,Medium-Sized Fish
Parambassis ranga,Small Fish
Parambassis ranga,Peaceful Fish
Parambassis ranga,Medium-Sized Fish
Barbodes semifasciolatus,Small Fish
Barbodes semifasciolatus,Peaceful Fish
Barbus melanampyx,Small Fish
Barbus melanampyx,Medium-Sized Fish
Barbus melanampyx,Active Fish
Danio choprai,Small Fish
Danio choprai,Peaceful Fish
Danio choprai,Long-Finned Fish
Oliotius oligolepis,Small Fish
Oliotius oligolepis,Peaceful Fish
Corydoras aeneus,Small Fish
Corydoras aeneus,Peaceful Fish
Corydoras aeneus,Long-Finned Fish
Corydoras aeneus,Active Fish
Corydoras aeneus,Medium-Sized Fish
Epalzeorhynchos bicolor,Robust Fish
Epalzeorhynchos bicolor,Medium-Sized Fish
Ancistrus,Small Fish
Ancistrus,Peaceful Fish
Ancistrus,Long-Finned Fish
Ancistrus,Active Fish
Ancistrus,Medium-Sized Fish
Ancistrus,Medium-Large Fish
Ancistrus,Robust Fish
Ancistrus,Very Small Fish
Corydoras panda,Small Fish
Corydoras panda,Peaceful Fish
Corydoras panda,Long-Finned Fish
Corydoras panda,Very Small Fish
Corydoras paleatus,Small Fish
Corydoras paleatus,Peaceful Fish
Corydoras paleatus,Long-Finned Fish
Corydoras paleatus,Very Small Fish
Hyalobagrus flavus,Small Fish
Hyalobagrus flavus,Very Small Fish
Hyalobagrus flavus,Peaceful Fish
Hyalobagrus flavus,Long-Finned Fish
Hoplosternum thoracatum,Small Fish
Hoplosternum thoracatum,Peaceful Fish
Hoplosternum thoracatum,Active Fish
Hoplosternum thoracatum,Medium-Sized Fish
Hoplosternum thoracatum,Medium-Large Fish
Corydoras pygmaeus,Small Fish
Corydoras pygmaeus,Peaceful Fish
Corydoras pygmaeus,Very Small Fish
Epalzeorhynchos frenatum,Medium-Sized Fish
Epalzeorhynchos frenatum,Small Fish
Epalzeorhynchos frenatum,Robust Fish
Epalzeorhynchos frenatum,Active Fish
Crossocheilus latius,Small Fish
Crossocheilus latius,Peaceful Fish
Crossocheilus latius,Medium-Sized Fish
Corydoras habrosus,Small Fish
Corydoras habrosus,Peaceful Fish
Corydoras habrosus,Very Small Fish
Pangio oblonga,Small Fish
Pangio oblonga,Peaceful Fish
Pangio oblonga,Very Small Fish
Botia morleti,Active Fish
Botia morleti,Robust Fish
Botia morleti,Medium-Sized Fish
Botia histrionica,Peaceful Fish
Botia histrionica,Medium-Sized Fish
Botia striata,Peaceful Fish
Botia striata,Medium-Sized Fish
Botia lohachata,Peaceful Fish
Botia lohachata,Medium-Sized Fish
Bunocephalus,Small Fish
Bunocephalus,Peaceful Fish
Bunocephalus,Long-Finned Fish
Bunocephalus,Very Small Fish
Synodontis eupterus,Medium-Large Fish
Synodontis eupterus,Robust Fish
Synodontis eupterus,Active Fish
Epalzeorhznchus kallopterus,Small Fish
Epalzeorhznchus kallopterus,Peaceful Fish
Epalzeorhznchus kallopterus,Medium-Sized Fish
Corydoras julii,Small Fish
Corydoras julii,Peaceful Fish
Corydoras julii,Long-Finned Fish
Chandramara chandramara,Small Fish
Chandramara chandramara,Peaceful Fish
Chandramara chandramara,Very Small Fish
Crossocheilus reticulatus,Small Fish
Crossocheilus reticulatus,Peaceful Fish
Crossocheilus reticulatus,Medium-Sized Fish
Corydoras nannus,Small Fish
Corydoras nannus,Peaceful Fish
Corydoras nannus,Long-Finned Fish
Corydoras nannus,Very Small Fish
Hara jerdoni,Small Fish
Hara jerdoni,Peaceful Fish
Hara jerdoni,Very Small Fish
Hara jerdoni,Long-Finned Fish
Microsynodontis batesii,Small Fish
Microsynodontis batesii,Peaceful Fish
Hypostomus plecostomus,Medium-Large Fish
Hypostomus plecostomus,Robust Fish
Hypostomus plecostomus,Active Fish
Corydoras rabauti,Small Fish
Corydoras rabauti,Peaceful Fish
Corydoras rabauti,Long-Finned Fish
Corydoras rabauti,Medium-Sized Fish
Corydoras elegans,Small Fish
Corydoras elegans,Peaceful Fish
Corydoras elegans,Long-Finned Fish
Platydoras costatus,Medium-Sized Fish
Platydoras costatus,Medium-Large Fish
Pareutropius buffei,Small Fish
Pareutropius buffei,Peaceful Fish
Dianema longibarbis,Small Fish
Dianema longibarbis,Peaceful Fish
Dianema longibarbis,Long-Finned Fish
Dianema longibarbis,Very Small Fish
Kryptopterus bicirrhis,Small Fish
Kryptopterus bicirrhis,Peaceful Fish
Rineloricaria microlepidogaster,Small Fish
Rineloricaria microlepidogaster,Peaceful Fish
Rineloricaria microlepidogaster,Long-Finned Fish
Rineloricaria microlepidogaster,Very Small Fish
Synodontis nigriventris,Small Fish
Synodontis nigriventris,Peaceful Fish
Schistura balteata,Small Fish
Schistura balteata,Robust Fish
Schistura balteata,Active Fish
Corydoras leucomelas,Small Fish
Corydoras leucomelas,Peaceful Fish
Corydoras leucomelas,Active Fish
Corydoras leucomelas,Medium-Sized Fish
Corydoras sodalis,Small Fish
Corydoras sodalis,Peaceful Fish
Corydoras sodalis,Very Small Fish
Corydoras sodalis,Long-Finned Fish
Loricaria filamentosa,Small Fish
Loricaria filamentosa,Peaceful Fish
Loricaria filamentosa,Long-Finned Fish
Corydoras virginae,Small Fish
Corydoras virginae,Peaceful Fish
Corydoras virginae,Long-Finned Fish
Agamyxis albomaculatus,Medium-Large Fish
Corydoras punctatus,Small Fish
Corydoras punctatus,Peaceful Fish
Corydoras punctatus,Medium-Sized Fish
Corydoras sterbai,Small Fish
Corydoras sterbai,Peaceful Fish
Corydoras sterbai,Long-Finned Fish
Corydoras sterbai,Very Small Fish
Corydoras sterbai,Medium-Sized Fish
Corydoras trilineatus,Small Fish
Corydoras trilineatus,Peaceful Fish
Corydoras trilineatus,Long-Finned Fish
Corydoras trilineatus,Medium-Sized Fish
Corydoras metae,Small Fish
Corydoras metae,Peaceful Fish
Corydoras metae,Long-Finned Fish
Corydoras metae,Medium-Sized Fish
Rineloricaria lanceolata,Small Fish
Rineloricaria lanceolata,Peaceful Fish
Rineloricaria lanceolata,Long-Finned Fish
Rineloricaria lanceolata,Medium-Sized Fish
Rineloricaria lanceolata,Very Small Fish
Corydoras napoensis,Small Fish
Corydoras napoensis,Peaceful Fish
Corydoras napoensis,Long-Finned Fish
Corydoras napoensis,Very Small Fish
Corydoras napoensis,Medium-Sized Fish
Corydoras agassizii,Small Fish
Corydoras agassizii,Peaceful Fish
Corydoras agassizii,Long-Finned Fish
Corydoras agassizii,Medium-Sized Fish
Botia sidthimunki,Medium-Sized Fish
Botia sidthimunki,Active Fish
Botia sidthimunki,Robust Fish
Botia dario,Medium-Sized Fish
Botia dario,Medium-Large Fish
Botia dario,Robust Fish
Botia dario,Active Fish
Corydoras leopardus,Small Fish
Corydoras leopardus,Peaceful Fish
Corydoras leopardus,Long-Finned Fish
Corydoras leopardus,Medium-Sized Fish
Corydoras melanotaenia,Small Fish
Corydoras melanotaenia,Peaceful Fish
Corydoras melanotaenia,Long-Finned Fish
Corydoras davidsandsi,Small Fish
Corydoras davidsandsi,Peaceful Fish
Corydoras davidsandsi,Medium-Sized Fish
Corydoras davidsandsi,Long-Finned Fish
Corydoras reticulatus,Small Fish
Corydoras reticulatus,Peaceful Fish
Corydoras reticulatus,Medium-Sized Fish
Corydoras reticulatus,Long-Finned Fish
Corydoras adolfoi,Small Fish
Corydoras adolfoi,Peaceful Fish
Corydoras adolfoi,Medium-Sized Fish
Corydoras adolfoi,Long-Finned Fish
Botia kubotai,Medium-Sized Fish
Botia kubotai,Active Fish
Botia kubotai,Robust Fish
Stiphodon atropurpureus,Very Small Fish
Stiphodon atropurpureus,Small Fish
Stiphodon atropurpureus,Peaceful Fish
Brochis splendens,Small Fish
Brochis splendens,Peaceful Fish
Brochis splendens,Long-Finned Fish
Brochis splendens,Medium-Sized Fish
Corydoras melini,Small Fish
Corydoras melini,Peaceful Fish
Corydoras melini,Long-Finned Fish
Corydoras melini,Medium-Sized Fish
Corydoras barbatus,Small Fish
Corydoras barbatus,Peaceful Fish
Corydoras barbatus,Medium-Sized Fish
Corydoras barbatus,Long-Finned Fish
Corydoras duplicareus,Small Fish
Corydoras duplicareus,Peaceful Fish
Corydoras duplicareus,Long-Finned Fish
Corydoras venezuelanus,Small Fish
Corydoras venezuelanus,Peaceful Fish
Corydoras venezuelanus,Long-Finned Fish
Corydoras venezuelanus,Active Fish
Corydoras venezuelanus,Medium-Sized Fish
Trachelyichthys exilis,Small Fish
Trachelyichthys exilis,Peaceful Fish
Trachelyichthys exilis,Very Small Fish
Otocinclus cocama,Small Fish
Otocinclus cocama,Peaceful Fish
Otocinclus cocama,Very Small Fish
Peckoltia,Small Fish
Peckoltia,Peaceful Fish
Peckoltia,Medium-Sized Fish
Synodontis pardalis,Peaceful Fish
Synodontis pardalis,Medium-Sized Fish
Synodontis pardalis,Medium-Large Fish
Farlowella vittata,Peaceful Fish
Farlowella vittata,Small Fish
Farlowella vittata,Very Small Fish
Centromochlus perugiae,Small Fish
Centromochlus perugiae,Peaceful Fish
Centromochlus perugiae,Very Small Fish
Synodontis petricola,Peaceful Fish
Synodontis petricola,Medium-Sized Fish
Corydoras seussi,Small Fish
Corydoras seussi,Peaceful Fish
Corydoras seussi,Medium-Sized Fish
Ancistrus dolichopterus,Small Fish
Ancistrus dolichopterus,Peaceful Fish
Ancistrus dolichopterus,Medium-Sized Fish
Synodontis brichardi,Peaceful Fish
Synodontis brichardi,Medium-Sized Fish
Synodontis brichardi,Medium-Large Fish
Corydoras fowleri,Peaceful Fish
Corydoras fowleri,Medium-Sized Fish
Corydoras fowleri,Small Fish
Corydoras multiradiatus,Peaceful Fish
Corydoras multiradiatus,Small Fish
Corydoras multiradiatus,Medium-Sized Fish
Ancistrus ranunculus,Peaceful Fish
Ancistrus ranunculus,Medium-Sized Fish
Corydoras weitzmani,Small Fish
Corydoras weitzmani,Peaceful Fish
Corydoras weitzmani,Very Small Fish
Corydoras weitzmani,Long-Finned Fish
Corydoras burgessi,Small Fish
Corydoras burgessi,Peaceful Fish
Corydoras burgessi,Medium-Sized Fish
Corydoras burgessi,Long-Finned Fish
Corydoras robustus,Small Fish
Corydoras robustus,Peaceful Fish
Corydoras robustus,Long-Finned Fish
Corydoras robustus,Very Small Fish
Brachygobius doriae,Same Species Only
Badis badis,Peaceful Fish
Badis badis,Small Fish
Acanthophthalmus kuhli,Small Fish
Acanthophthalmus kuhli,Peaceful Fish
Acanthophthalmus kuhli,Long-Finned Fish
Acanthophthalmus kuhli,Very Small Fish
Garra rufa,Small Fish
Garra rufa,Peaceful Fish
Garra rufa,Medium-Sized Fish
Pangio semicincta,Small Fish
Pangio semicincta,Peaceful Fish
Pangio semicincta,Long-Finned Fish
Pangio semicincta,Very Small Fish
Pseudocrenilabrus multicolor,Medium-Sized Fish
Pseudocrenilabrus multicolor,Small Fish
Yunnanilus cruciatus,Small Fish
Yunnanilus cruciatus,Peaceful Fish
Yunnanilus cruciatus,Medium-Sized Fish
Yunnanilus cruciatus,Very Small Fish
Tateurndina ocellicauda,Small Fish
Tateurndina ocellicauda,Peaceful Fish
Tateurndina ocellicauda,Medium-Sized Fish
Chamidogobius eremius,Same Species Only
Chamidogobius eremius,Peaceful Fish
Chamidogobius eremius,Robust Fish
Pantodon buchholzi,Small Fish
Pantodon buchholzi,Peaceful Fish
Marosatherina ladigesi,Small Fish
Marosatherina ladigesi,Peaceful Fish
Marosatherina ladigesi,Very Small Fish
Bedotia madagascarensis,Small Fish
Bedotia madagascarensis,Peaceful Fish
Bedotia madagascarensis,Medium-Sized Fish
Melanotaenia praecox,Small Fish
Melanotaenia praecox,Peaceful Fish
Melanotaenia praecox,Very Small Fish
Pseudomugil furcatus,Small Fish
Pseudomugil furcatus,Peaceful Fish
Pseudomugil furcatus,Very Small Fish
Melanotaenia maccullochi,Small Fish
Melanotaenia maccullochi,Peaceful Fish
Melanotaenia maccullochi,Very Small Fish
Melanotaenia herbertaxelrodi,Small Fish
Melanotaenia herbertaxelrodi,Peaceful Fish
Melanotaenia herbertaxelrodi,Medium-Sized Fish
Melanotaenia boesemani,Peaceful Fish
Melanotaenia boesemani,Small Fish
Melanotaenia boesemani,Active Fish
Melanotaenia boesemani,Medium-Sized Fish
Chilatherina bleheri,Small Fish
Chilatherina bleheri,Peaceful Fish
Chilatherina bleheri,Medium-Sized Fish
Melanotaenia trifasciata,Small Fish
Melanotaenia trifasciata,Peaceful Fish
Melanotaenia trifasciata,Medium-Sized Fish
Melanotaenia trifasciata,Active Fish
Melanotaenia lacustris,Small Fish
Melanotaenia lacustris,Peaceful Fish
Melanotaenia lacustris,Medium-Sized Fish
Melanotaenia lacustris,Active Fish
Melanotaenia splendida rubrostriata,Small Fish
Melanotaenia splendida rubrostriata,Peaceful Fish
Melanotaenia splendida rubrostriata,Medium-Sized Fish
Pseudomugil gertrudae,Small Fish
Pseudomugil gertrudae,Peaceful Fish
Pseudomugil gertrudae,Very Small Fish
Melanoteania papuensis,Small Fish
Melanoteania papuensis,Peaceful Fish
Melanoteania papuensis,Medium-Sized Fish
Melanoteania papuensis,Active Fish
Melanotaenia parkinsoni,Small Fish
Melanotaenia parkinsoni,Peaceful Fish
Melanotaenia parkinsoni,Medium-Sized Fish
Melanotaenia parkinsoni,Active Fish
Melanotaenia australis,Small Fish
Melanotaenia australis,Peaceful Fish
Melanotaenia australis,Medium-Sized Fish
Melanotaenia australis,Active Fish
Pseudomugil signifer,Small Fish
Pseudomugil signifer,Peaceful Fish
Anomalochromis thomasi,Small Fish
Anomalochromis thomasi,Peaceful Fish
Anomalochromis thomasi,Medium-Sized Fish
Pelvicachromis pulcher,Small Fish
Pelvicachromis pulcher,Peaceful Fish
Pelvicachromis pulcher,Medium-Sized Fish
Steatocranus tinanti,Medium-Sized Fish
Steatocranus tinanti,Peaceful Fish
Chromidotilapia guntheri,Medium-Sized Fish
Chromidotilapia guntheri,Peaceful Fish
Pelvicachromis taeniatus,Small Fish
Pelvicachromis taeniatus,Peaceful Fish
Nanochromis transverstitus,Small Fish
Nanochromis transverstitus,Peaceful Fish
Nanochromis nudiceps,Small Fish
Nanochromis nudiceps,Peaceful Fish
Nanochromis parilus,Small Fish
Nanochromis parilus,Peaceful Fish
Pelvicachromis subocellatus,Small Fish
Pelvicachromis subocellatus,Peaceful Fish
Hyphessobrycon amandae,Small Fish
Hyphessobrycon amandae,Peaceful Fish
Hyphessobrycon amandae,Very Small Fish
Pristella maxillaris riddlei,Small Fish
Pristella maxillaris riddlei,Peaceful Fish
Pristella maxillaris riddlei,Very Small Fish
Axelrodia riesei,Peaceful Fish
Axelrodia riesei,Very Small Fish
Gymnocorymbus ternetzi,Small Fish
Gymnocorymbus ternetzi,Medium-Sized Fish
Gymnocorymbus ternetzi,Medium-Large Fish
Moenkhausia columbiana,Small Fish
Moenkhausia columbiana,Peaceful Fish
Moenkhausia columbiana,Medium-Sized Fish
Moenkhausia columbiana,Medium-Large Fish
Hemigrammus ocellifer,Small Fish
Hemigrammus ocellifer,Peaceful Fish
Hemigrammus ocellifer,Medium-Sized Fish
Hemigrammus rhodostomus,Small Fish
Hemigrammus rhodostomus,Peaceful Fish
Hemigrammus rhodostomus,Medium-Sized Fish
Nannostomus beckfordi,Small Fish
Nannostomus beckfordi,Peaceful Fish
Nannostomus beckfordi,Medium-Sized Fish
Moenkhausia sanctaefilomenae,Small Fish
Moenkhausia sanctaefilomenae,Active Fish
Moenkhausia sanctaefilomenae,Medium-Sized Fish
Moenkhausia sanctaefilomenae,Medium-Large Fish
Aphyocharax anisitsi,Small Fish
Aphyocharax anisitsi,Medium-Sized Fish
Aphyocharax anisitsi,Active Fish
Aphyocharax anisitsi,Robust Fish
Hyphessobrycon flammeus,Small Fish
Hyphessobrycon flammeus,Peaceful Fish
Hyphessobrycon flammeus,Medium-Sized Fish
Paracheirodon innesi,Small Fish
Paracheirodon innesi,Peaceful Fish
Paracheirodon innesi,Medium-Sized Fish
Thayeria boehlkei,Small Fish
Thayeria boehlkei,Peaceful Fish
Thayeria boehlkei,Medium-Sized Fish
Inpaichthys kerri,Small Fish
Inpaichthys kerri,Peaceful Fish
Inpaichthys kerri,Medium-Sized Fish
Hyphessobrycon herbertaxelrodi,Small Fish
Hyphessobrycon herbertaxelrodi,Peaceful Fish
Hyphessobrycon herbertaxelrodi,Medium-Sized Fish
Hemigrammus hyanuary,Small Fish
Hemigrammus hyanuary,Peaceful Fish
Hemigrammus hyanuary,Medium-Sized Fish
Hemigrammus caudovittatus,Small Fish
Hemigrammus caudovittatus,Medium-Sized Fish
Hemigrammus caudovittatus,Active Fish
Hemigrammus caudovittatus,Robust Fish
Hyphessobrycon callistus,Small Fish
Hyphessobrycon callistus,Medium-Sized Fish
Hyphessobrycon callistus,Robust Fish
Hyphessobrycon callistus,Active Fish
Hemigrammus erythrozonus,Small Fish
Hemigrammus erythrozonus,Medium-Sized Fish
Hemigrammus erythrozonus,Peaceful Fish
Hyphessobrycon ecuadoriensis,Small Fish
Hyphessobrycon ecuadoriensis,Medium-Sized Fish
Hyphessobrycon ecuadoriensis,Peaceful Fish
Hyphessobrycon pulchripinnis,Small Fish
Hyphessobrycon pulchripinnis,Medium-Sized Fish
Hyphessobrycon pulchripinnis,Peaceful Fish
Hyphessobrycon bentosi ornatus,Small Fish
Hyphessobrycon bentosi ornatus,Medium-Sized Fish
Hyphessobrycon bentosi ornatus,Peaceful Fish
Megalamphodus megalopterus,Small Fish
Megalamphodus megalopterus,Peaceful Fish
Megalamphodus megalopterus,Medium-Sized Fish
Prionobrama filigera,Small Fish
Prionobrama filigera,Peaceful Fish
Prionobrama filigera,Medium-Sized Fish
Megalamphodus sweglesi,Small Fish
Megalamphodus sweglesi,Peaceful Fish
Megalamphodus sweglesi,Medium-Sized Fish
Hasemania nana,Small Fish
Hasemania nana,Peaceful Fish
Hasemania nana,Medium-Sized Fish
Nematobrycon palmeri,Small Fish
Nematobrycon palmeri,Peaceful Fish
Nematobrycon palmeri,Medium-Sized Fish
Paracheirodon axelrodi,Small Fish
Paracheirodon axelrodi,Peaceful Fish
Paracheirodon axelrodi,Medium-Sized Fish
Moenkhausia pittieri,Small Fish
Moenkhausia pittieri,Peaceful Fish
Moenkhausia pittieri,Medium-Sized Fish
Moenkhausia pittieri,Medium-Large Fish
Hyphessobrycon eques,Small Fish
Hyphessobrycon eques,Medium-Sized Fish
Hyphessobrycon eques,Robust Fish
Hyphessobrycon eques,Active Fish
Hyphessobrycon bentosi,Small Fish
Hyphessobrycon bentosi,Medium-Sized Fish
Hyphessobrycon bentosi,Peaceful Fish
Phenacogrammus interruptus,Small Fish
Phenacogrammus interruptus,Peaceful Fish
Phenacogrammus interruptus,Medium-Sized Fish
Phenacogrammus interruptus,Active Fish
Boehlkea fredcochui,Small Fish
Boehlkea fredcochui,Medium-Sized Fish
Boehlkea fredcochui,Robust Fish
Hemigrammus rodwayi,Small Fish
Hemigrammus rodwayi,Peaceful Fish
Hemigrammus rodwayi,Medium-Sized Fish
Hyphessobrycon elachys,Small Fish
Hyphessobrycon elachys,Peaceful Fish
Aphyocharax rathbuni,Small Fish
Aphyocharax rathbuni,Medium-Sized Fish
Aphyocharax rathbuni,Active Fish
Aphyocharax rathbuni,Robust Fish
Nannostomus marginatus,Small Fish
Nannostomus marginatus,Peaceful Fish
Nannostomus marginatus,Very Small Fish
Nannostomus marginatus,Long-Finned Fish
Phenacogrammus aurantiacus,Small Fish
Phenacogrammus aurantiacus,Peaceful Fish
Phenacogrammus aurantiacus,Medium-Sized Fish
Paracheirodon simulans,Peaceful Fish
Paracheirodon simulans,Very Small Fish
Hyphessobrycon amapaensis,Small Fish
Hyphessobrycon amapaensis,Peaceful Fish
Hyphessobrycon loretoensis,Small Fish
Hyphessobrycon loretoensis,Peaceful Fish
Hyphessobrycon loretoensis,Very Small Fish
Chilodus punctatus,Small Fish
Chilodus punctatus,Peaceful Fish
Cheirodon axelrodi,Small Fish
Cheirodon axelrodi,Peaceful Fish
Cheirodon axelrodi,Medium-Sized Fish
Carnegiella marthae,Small Fish
Carnegiella marthae,Peaceful Fish
Carnegiella marthae,Very Small Fish
Carnegiella strigata,Small Fish
Carnegiella strigata,Peaceful Fish
Carnegiella strigata,Very Small Fish
Hyphessobrycon roberti,Small Fish
Hyphessobrycon roberti,Medium-Sized Fish
Hyphessobrycon roberti,Peaceful Fish
Alestopetersius smykalai,Peaceful Fish
Alestopetersius smykalai,Medium-Sized Fish
Alestopetersius smykalai,Small Fish
Hyphessobrycon wadai,Small Fish
Hyphessobrycon wadai,Peaceful Fish
Hyphessobrycon wadai,Medium-Sized Fish
Notropsis chrosomus,Small Fish
Notropsis chrosomus,Peaceful Fish
Crenuchus spilurus,Small Fish
Crenuchus spilurus,Same Species Only
Crenuchus spilurus,Peaceful Fish
Thoracocharax stella,Small Fish
Thoracocharax stella,Peaceful Fish
Hemigrammus rubrostriatus,Small Fish
Hemigrammus rubrostriatus,Peaceful Fish
Hemigrammus rubrostriatus,Medium-Sized Fish
Hyphessobrycon erythrostigma,Small Fish
Hyphessobrycon erythrostigma,Peaceful Fish
Hyphessobrycon erythrostigma,Medium-Sized Fish
Arnoldichthys spilopterus,Small Fish
Arnoldichthys spilopterus,Medium-Sized Fish
Arnoldichthys spilopterus,Active Fish
Nannostomus mortenthaleri,Small Fish
Nannostomus mortenthaleri,Very Small Fish
Nannostomus mortenthaleri,Peaceful Fish
Oryzias latipes,Small Fish
Oryzias latipes,Peaceful Fish
Oryzias latipes,Very Small Fish
Epiplatys grahami,Small Fish
Epiplatys grahami,Peaceful Fish
Aphyosemion cinnamomeum,Small Fish
Aphyosemion cinnamomeum,Peaceful Fish
Aphyosemion marmoratum,Small Fish
Aphyosemion marmoratum,Peaceful Fish
Fundulopanchax scheeli,Small Fish
Fundulopanchax scheeli,Peaceful Fish
Fundulopanchax scheeli,Very Small Fish
Aplocheilichthys normani,Small Fish
Aplocheilichthys normani,Peaceful Fish
Aplocheilichthys normani,Very Small Fish
Aplocheilichthys normani,Long-Finned Fish
Pachypanchax playfairii,Medium-Sized Fish
Pachypanchax playfairii,Same Species Only
Pachypanchax playfairii,Peaceful Fish
Aplocheilus blockii,Peaceful Fish
Aplocheilus blockii,Medium-Sized Fish
Fundulopanchax gardneri,Robust Fish
Fundulopanchax gardneri,Medium-Sized Fish
Aphyosemion gabunense,Small Fish
Aphyosemion gabunense,Peaceful Fish
Aphyosemion gabunense,Long-Finned Fish
Epiplatys dageti,Small Fish
Epiplatys dageti,Peaceful Fish
Epiplatys dageti,Long-Finned Fish
Oryzias dancena,Small Fish
Oryzias dancena,Peaceful Fish
Oryzias dancena,Very Small Fish
Aplocheilus lineatus,Peaceful Fish
Aplocheilus lineatus,Medium-Sized Fish
Oryzias woworae,Small Fish
Oryzias woworae,Very Small Fish
Oryzias woworae,Peaceful Fish
Nothobranchius guentheri,Same Species Only
Fundulopanchax walkeri,Same Species Only
Pachypanchax omalonotus,Same Species Only
Aphyosemion australe,Small Fish
Aphyosemion australe,Peaceful Fish
Aphyosemion australe,Long-Finned Fish
Nothobranchius foerschi,Same Species Only
Fundulopanchax sjoestedti,Medium-Sized Fish
Fundulopanchax sjoestedti,Peaceful Fish
Aphyosemion bivittatum,Same Species Only
Aphyosemion bivittatum,Medium-Sized Fish
Aphyosemion bivittatum,Peaceful Fish
Epiplatys annulatus,Small Fish
Epiplatys annulatus,Peaceful Fish
Epiplatys annulatus,Long-Finned Fish
Epiplatys annulatus,Very Small Fish
Cynolebias nigripinnis,Small Fish
Cynolebias nigripinnis,Peaceful Fish
Simpsonichthys myersi,Same Species Only
Aphyosemion celiae,Same Species Only
Nothobranchius eggersi,Same Species Only
Nothobranchius eggersi,Peaceful Fish
Nothobranchius eggersi,Small Fish
Betta splendens,Same Species Only
Betta splendens,Peaceful Fish
Betta splendens,Small Fish
Betta imbellis,Same Species Only
Betta imbellis,Peaceful Fish
Betta imbellis,Small Fish
Betta simorum,Same Species Only
Betta simorum,Peaceful Fish
Betta simorum,Small Fish
Betta foerschi,Same Species Only
Betta foerschi,Peaceful Fish
Betta foerschi,Small Fish
Trichogaster trichopterus,Peaceful Fish
Trichogaster trichopterus,Medium-Sized Fish
Trichogaster trichopterus,Robust Fish
Trichopsis pumilus,Small Fish
Trichopsis pumilus,Peaceful Fish
Trichogaster leeri,Small Fish
Trichogaster leeri,Peaceful Fish
Trichogaster leeri,Medium-Sized Fish
Trichopsis vittatus,Small Fish
Trichopsis vittatus,Peaceful Fish
Trichopsis vittatus,Very Small Fish
Trichogaster lalius,Small Fish
Trichogaster lalius,Peaceful Fish
Trichogaster labiosa,Small Fish
Trichogaster labiosa,Peaceful Fish
Trichogaster labiosa,Medium-Sized Fish
Trichogaster chuna,Small Fish
Trichogaster chuna,Peaceful Fish
Sphaerichthys selatanensis,Small Fish
Sphaerichthys selatanensis,Peaceful Fish
Trichogaster fasciata,Small Fish
Trichogaster fasciata,Peaceful Fish
Sphaerichthys vaillanti,Small Fish
Sphaerichthys vaillanti,Peaceful Fish